{
  "rouge1_precision": 0.9928571428571429,
  "rouge1_recall": 0.10766847405112316,
  "rouge1_f1": 0.19426974143955278,
  "rouge2_precision": 0.9640287769784173,
  "rouge2_recall": 0.10387596899224806,
  "rouge2_f1": 0.1875437368789363,
  "rougeL_precision": 0.9928571428571429,
  "rougeL_recall": 0.10766847405112316,
  "rougeL_f1": 0.19426974143955278,
  "rougeLsum_precision": 0.9928571428571429,
  "rougeLsum_recall": 0.10766847405112316,
  "rougeLsum_f1": 0.19426974143955278,
  "bert_precision": 0.8434860706329346,
  "bert_recall": 0.7526863813400269,
  "bert_f1": 0.7955036163330078,
  "summary_length": 138,
  "reference_length": 1250,
  "compression_ratio": 9.057971014492754,
  "evaluation_time": 3.924034595489502
}